INSERT INTO public."User"("id","firstName","lastName","password","email","roleId","isApproved","created","modified","modifiedBy") VALUES (1,'Admin','Admin','1234567890','admin@gmail.com',1,1,'2020-04-04','2020-04-04','velichko_97@abv.bg');
INSERT INTO public."User"("id","firstName","lastName","password","email","roleId","isApproved","created","modified","modifiedBy") VALUES (2,'User','User','1234567890','admin@gmail.com',2,1,'2020-04-04','2020-04-04','velichko_97@abv.bg');

INSERT INTO public."Role"("id","name","created","modified","modifiedBy") VALUES (1,'Admin','2022-04-04','2020-04-04','admin@gmail.com');
INSERT INTO public."Role"("id","name","created","modified","modifiedBy") VALUES (2,'User','2022-04-04','2020-04-04','admin@gmail.com');

INSERT INTO public."Region"("id","name","created","modified","modifiedBy") VALUES (1,'Europe','2022-04-04','2020-04-04','admin@gmail.com');
INSERT INTO public."Region"("id","name","created","modified","modifiedBy") VALUES (2,'Asia','2022-04-04','2020-04-04','admin@gmail.com');
INSERT INTO public."Region"("id","name","created","modified","modifiedBy") VALUES (3,'North America','2022-04-04','2020-04-04','admin@gmail.com');
INSERT INTO public."Region"("id","name","created","modified","modifiedBy") VALUES (4,'South America','2022-04-04','2020-04-04','admin@gmail.com');
INSERT INTO public."Region"("id","name","created","modified","modifiedBy") VALUES (5,'Africa','2022-04-04','2020-04-04','admin@gmail.com');
INSERT INTO public."Region"("id","name","created","modified","modifiedBy") VALUES (6,'Australia','2022-04-04','2020-04-04','admin@gmail.com');

INSERT INTO public."Country"("id","name","regionId","created","modified","modifiedBy") VALUES (1,'France',1,'2022-04-04','2020-04-04','admin@gmail.com');
INSERT INTO public."Country"("id","name","regionId","created","modified","modifiedBy") VALUES (2,'Germany',1,'2022-04-04','2020-04-04','admin@gmail.com');
INSERT INTO public."Country"("id","name","regionId","created","modified","modifiedBy") VALUES (3,'Bulgaria',1,'2022-04-04','2020-04-04','admin@gmail.com');
INSERT INTO public."Country"("id","name","regionId","created","modified","modifiedBy") VALUES (4,'Italy',1,'2022-04-04','2020-04-04','admin@gmail.com');
INSERT INTO public."Country"("id","name","regionId","created","modified","modifiedBy") VALUES (5,'China',2,'2022-04-04','2020-04-04','admin@gmail.com');
INSERT INTO public."Country"("id","name","regionId","created","modified","modifiedBy") VALUES (6,'Japan',2,'2022-04-04','2020-04-04','admin@gmail.com');
INSERT INTO public."Country"("id","name","regionId","created","modified","modifiedBy") VALUES (7,'Vietnam',2,'2022-04-04','2020-04-04','admin@gmail.com');
INSERT INTO public."Country"("id","name","regionId","created","modified","modifiedBy") VALUES (8,'United States',3,'2022-04-04','2020-04-04','admin@gmail.com');
INSERT INTO public."Country"("id","name","regionId","created","modified","modifiedBy") VALUES (9,'Canada',3,'2022-04-04','2020-04-04','admin@gmail.com');
INSERT INTO public."Country"("id","name","regionId","created","modified","modifiedBy") VALUES (10,'Mexico',3,'2022-04-04','2020-04-04','admin@gmail.com');
INSERT INTO public."Country"("id","name","regionId","created","modified","modifiedBy") VALUES (11,'Brazil',4,'2022-04-04','2020-04-04','admin@gmail.com');
INSERT INTO public."Country"("id","name","regionId","created","modified","modifiedBy") VALUES (12,'Colombia',4,'2022-04-04','2020-04-04','admin@gmail.com');
INSERT INTO public."Country"("id","name","regionId","created","modified","modifiedBy") VALUES (13,'Peru',4,'2022-04-04','2020-04-04','admin@gmail.com');
INSERT INTO public."Country"("id","name","regionId","created","modified","modifiedBy") VALUES (14,'Nigeria',5,'2022-04-04','2020-04-04','admin@gmail.com');
INSERT INTO public."Country"("id","name","regionId","created","modified","modifiedBy") VALUES (15,'Senegal',5,'2022-04-04','2020-04-04','admin@gmail.com');
INSERT INTO public."Country"("id","name","regionId","created","modified","modifiedBy") VALUES (16,'Kenya',5,'2022-04-04','2020-04-04','admin@gmail.com');
INSERT INTO public."Country"("id","name","regionId","created","modified","modifiedBy") VALUES (17,'Kenya',5,'2022-04-04','2020-04-04','admin@gmail.com');

INSERT INTO public."UserCountry"("id","userId","countryId","regionId","created","modified","modifiedBy") VALUES (1,1,1,1,'2022-04-04','2020-04-04','admin@gmail.com');
INSERT INTO public."UserCountry"("id","userId","countryId","regionId","created","modified","modifiedBy") VALUES (2,1,2,1,'2022-04-04','2020-04-04','admin@gmail.com');
INSERT INTO public."UserCountry"("id","userId","countryId","regionId","created","modified","modifiedBy") VALUES (3,1,3,1,'2022-04-04','2020-04-04','admin@gmail.com');
INSERT INTO public."UserCountry"("id","userId","countryId","regionId","created","modified","modifiedBy") VALUES (4,1,4,1,'2022-04-04','2020-04-04','admin@gmail.com');
INSERT INTO public."UserCountry"("id","userId","countryId","regionId","created","modified","modifiedBy") VALUES (5,1,5,2,'2022-04-04','2020-04-04','admin@gmail.com');
INSERT INTO public."UserCountry"("id","userId","countryId","regionId","created","modified","modifiedBy") VALUES (6,1,6,2,'2022-04-04','2020-04-04','admin@gmail.com');
INSERT INTO public."UserCountry"("id","userId","countryId","regionId","created","modified","modifiedBy") VALUES (7,1,7,2,'2022-04-04','2020-04-04','admin@gmail.com');
INSERT INTO public."UserCountry"("id","userId","countryId","regionId","created","modified","modifiedBy") VALUES (8,1,8,3,'2022-04-04','2020-04-04','admin@gmail.com');
INSERT INTO public."UserCountry"("id","userId","countryId","regionId","created","modified","modifiedBy") VALUES (9,1,9,3,'2022-04-04','2020-04-04','admin@gmail.com');
INSERT INTO public."UserCountry"("id","userId","countryId","regionId","created","modified","modifiedBy") VALUES (10,1,10,4,'2022-04-04','2020-04-04','admin@gmail.com');
INSERT INTO public."UserCountry"("id","userId","countryId","regionId","created","modified","modifiedBy") VALUES (11,1,11,4,'2022-04-04','2020-04-04','admin@gmail.com');
INSERT INTO public."UserCountry"("id","userId","countryId","regionId","created","modified","modifiedBy") VALUES (12,1,12,4,'2022-04-04','2020-04-04','admin@gmail.com');
INSERT INTO public."UserCountry"("id","userId","countryId","regionId","created","modified","modifiedBy") VALUES (13,1,13,5,'2022-04-04','2020-04-04','admin@gmail.com');
INSERT INTO public."UserCountry"("id","userId","countryId","regionId","created","modified","modifiedBy") VALUES (14,1,14,5,'2022-04-04','2020-04-04','admin@gmail.com');
INSERT INTO public."UserCountry"("id","userId","countryId","regionId","created","modified","modifiedBy") VALUES (15,1,15,5,'2022-04-04','2020-04-04','admin@gmail.com');
INSERT INTO public."UserCountry"("id","userId","countryId","regionId","created","modified","modifiedBy") VALUES (16,1,16,5,'2022-04-04','2020-04-04','admin@gmail.com');
INSERT INTO public."UserCountry"("id","userId","countryId","regionId","created","modified","modifiedBy") VALUES (17,2,1,1,'2022-04-04','2020-04-04','admin@gmail.com');
INSERT INTO public."UserCountry"("id","userId","countryId","regionId","created","modified","modifiedBy") VALUES (18,2,2,1,'2022-04-04','2020-04-04','admin@gmail.com');
INSERT INTO public."UserCountry"("id","userId","countryId","regionId","created","modified","modifiedBy") VALUES (19,2,3,1,'2022-04-04','2020-04-04','admin@gmail.com');
INSERT INTO public."UserCountry"("id","userId","countryId","regionId","created","modified","modifiedBy") VALUES (20,2,4,1,'2022-04-04','2020-04-04','admin@gmail.com');
INSERT INTO public."UserCountry"("id","userId","countryId","regionId","created","modified","modifiedBy") VALUES (21,2,5,2,'2022-04-04','2020-04-04','admin@gmail.com');
INSERT INTO public."UserCountry"("id","userId","countryId","regionId","created","modified","modifiedBy") VALUES (22,2,6,2,'2022-04-04','2020-04-04','admin@gmail.com');
INSERT INTO public."UserCountry"("id","userId","countryId","regionId","created","modified","modifiedBy") VALUES (23,2,7,2,'2022-04-04','2020-04-04','admin@gmail.com');
INSERT INTO public."UserCountry"("id","userId","countryId","regionId","created","modified","modifiedBy") VALUES (24,2,8,3,'2022-04-04','2020-04-04','admin@gmail.com');
INSERT INTO public."UserCountry"("id","userId","countryId","regionId","created","modified","modifiedBy") VALUES (25,2,9,3,'2022-04-04','2020-04-04','admin@gmail.com');
INSERT INTO public."UserCountry"("id","userId","countryId","regionId","created","modified","modifiedBy") VALUES (26,2,10,3,'2022-04-04','2020-04-04','admin@gmail.com');
INSERT INTO public."UserCountry"("id","userId","countryId","regionId","created","modified","modifiedBy") VALUES (27,2,11,4,'2022-04-04','2020-04-04','admin@gmail.com');
INSERT INTO public."UserCountry"("id","userId","countryId","regionId","created","modified","modifiedBy") VALUES (28,2,12,4,'2022-04-04','2020-04-04','admin@gmail.com');
INSERT INTO public."UserCountry"("id","userId","countryId","regionId","created","modified","modifiedBy") VALUES (29,2,13,4,'2022-04-04','2020-04-04','admin@gmail.com');
INSERT INTO public."UserCountry"("id","userId","countryId","regionId","created","modified","modifiedBy") VALUES (30,2,14,5,'2022-04-04','2020-04-04','admin@gmail.com');
INSERT INTO public."UserCountry"("id","userId","countryId","regionId","created","modified","modifiedBy") VALUES (31,2,15,5,'2022-04-04','2020-04-04','admin@gmail.com');
INSERT INTO public."UserCountry"("id","userId","countryId","regionId","created","modified","modifiedBy") VALUES (32,2,16,5,'2022-04-04','2020-04-04','admin@gmail.com');

INSERT INTO public."UserRegion"("id","userId","regionId","created","modified","modifiedBy") VALUES (1,1,1,'2022-04-04','2020-04-04','admin@gmail.com');
INSERT INTO public."UserRegion"("id","userId","regionId","created","modified","modifiedBy") VALUES (2,1,2,'2022-04-04','2020-04-04','admin@gmail.com');
INSERT INTO public."UserRegion"("id","userId","regionId","created","modified","modifiedBy") VALUES (3,1,3,'2022-04-04','2020-04-04','admin@gmail.com');
INSERT INTO public."UserRegion"("id","userId","regionId","created","modified","modifiedBy") VALUES (4,1,4,'2022-04-04','2020-04-04','admin@gmail.com');
INSERT INTO public."UserRegion"("id","userId","regionId","created","modified","modifiedBy") VALUES (5,1,5,'2022-04-04','2020-04-04','admin@gmail.com');
INSERT INTO public."UserRegion"("id","userId","regionId","created","modified","modifiedBy") VALUES (6,1,6,'2022-04-04','2020-04-04','admin@gmail.com');
INSERT INTO public."UserRegion"("id","userId","regionId","created","modified","modifiedBy") VALUES (7,2,1,'2022-04-04','2020-04-04','admin@gmail.com');
INSERT INTO public."UserRegion"("id","userId","regionId","created","modified","modifiedBy") VALUES (8,2,2,'2022-04-04','2020-04-04','admin@gmail.com');
INSERT INTO public."UserRegion"("id","userId","regionId","created","modified","modifiedBy") VALUES (9,2,3,'2022-04-04','2020-04-04','admin@gmail.com');
INSERT INTO public."UserRegion"("id","userId","regionId","created","modified","modifiedBy") VALUES (10,2,4,'2022-04-04','2020-04-04','admin@gmail.com');
INSERT INTO public."UserRegion"("id","userId","regionId","created","modified","modifiedBy") VALUES (11,2,5,'2022-04-04','2020-04-04','admin@gmail.com');
INSERT INTO public."UserRegion"("id","userId","regionId","created","modified","modifiedBy") VALUES (12,2,6,'2022-04-04','2020-04-04','admin@gmail.com');
